{
  "hash": "fa90e6b5",
  "configHash": "56cd1a61",
  "lockfileHash": "4f10ea1f",
  "browserHash": "9420508b",
  "optimized": {
    "@angular/cdk/bidi": {
      "src": "../../../../../../node_modules/@angular/cdk/fesm2022/bidi.mjs",
      "file": "@angular_cdk_bidi.js",
      "fileHash": "0ca3f07e",
      "needsInterop": false
    },
    "@angular/cdk/scrolling": {
      "src": "../../../../../../node_modules/@angular/cdk/fesm2022/scrolling.mjs",
      "file": "@angular_cdk_scrolling.js",
      "fileHash": "6a14f4c0",
      "needsInterop": false
    },
    "@angular/cdk/text-field": {
      "src": "../../../../../../node_modules/@angular/cdk/fesm2022/text-field.mjs",
      "file": "@angular_cdk_text-field.js",
      "fileHash": "622bedb3",
      "needsInterop": false
    },
    "@angular/common": {
      "src": "../../../../../../node_modules/@angular/common/fesm2022/common.mjs",
      "file": "@angular_common.js",
      "fileHash": "ddd66c23",
      "needsInterop": false
    },
    "@angular/common/http": {
      "src": "../../../../../../node_modules/@angular/common/fesm2022/http.mjs",
      "file": "@angular_common_http.js",
      "fileHash": "6e31f42c",
      "needsInterop": false
    },
    "@angular/core": {
      "src": "../../../../../../node_modules/@angular/core/fesm2022/core.mjs",
      "file": "@angular_core.js",
      "fileHash": "21680a3e",
      "needsInterop": false
    },
    "@angular/forms": {
      "src": "../../../../../../node_modules/@angular/forms/fesm2022/forms.mjs",
      "file": "@angular_forms.js",
      "fileHash": "a9f2454b",
      "needsInterop": false
    },
    "@angular/material/autocomplete": {
      "src": "../../../../../../node_modules/@angular/material/fesm2022/autocomplete.mjs",
      "file": "@angular_material_autocomplete.js",
      "fileHash": "1a46b88a",
      "needsInterop": false
    },
    "@angular/material/button": {
      "src": "../../../../../../node_modules/@angular/material/fesm2022/button.mjs",
      "file": "@angular_material_button.js",
      "fileHash": "fec9fd86",
      "needsInterop": false
    },
    "@angular/material/card": {
      "src": "../../../../../../node_modules/@angular/material/fesm2022/card.mjs",
      "file": "@angular_material_card.js",
      "fileHash": "7fc5e70f",
      "needsInterop": false
    },
    "@angular/material/checkbox": {
      "src": "../../../../../../node_modules/@angular/material/fesm2022/checkbox.mjs",
      "file": "@angular_material_checkbox.js",
      "fileHash": "8b26bbfc",
      "needsInterop": false
    },
    "@angular/material/core": {
      "src": "../../../../../../node_modules/@angular/material/fesm2022/core.mjs",
      "file": "@angular_material_core.js",
      "fileHash": "46f1554e",
      "needsInterop": false
    },
    "@angular/material/datepicker": {
      "src": "../../../../../../node_modules/@angular/material/fesm2022/datepicker.mjs",
      "file": "@angular_material_datepicker.js",
      "fileHash": "1daf55c7",
      "needsInterop": false
    },
    "@angular/material/dialog": {
      "src": "../../../../../../node_modules/@angular/material/fesm2022/dialog.mjs",
      "file": "@angular_material_dialog.js",
      "fileHash": "b589cfc2",
      "needsInterop": false
    },
    "@angular/material/divider": {
      "src": "../../../../../../node_modules/@angular/material/fesm2022/divider.mjs",
      "file": "@angular_material_divider.js",
      "fileHash": "3b286e57",
      "needsInterop": false
    },
    "@angular/material/form-field": {
      "src": "../../../../../../node_modules/@angular/material/fesm2022/form-field.mjs",
      "file": "@angular_material_form-field.js",
      "fileHash": "2489883a",
      "needsInterop": false
    },
    "@angular/material/grid-list": {
      "src": "../../../../../../node_modules/@angular/material/fesm2022/grid-list.mjs",
      "file": "@angular_material_grid-list.js",
      "fileHash": "9233fef7",
      "needsInterop": false
    },
    "@angular/material/icon": {
      "src": "../../../../../../node_modules/@angular/material/fesm2022/icon.mjs",
      "file": "@angular_material_icon.js",
      "fileHash": "2794ea93",
      "needsInterop": false
    },
    "@angular/material/input": {
      "src": "../../../../../../node_modules/@angular/material/fesm2022/input.mjs",
      "file": "@angular_material_input.js",
      "fileHash": "ef24436f",
      "needsInterop": false
    },
    "@angular/material/list": {
      "src": "../../../../../../node_modules/@angular/material/fesm2022/list.mjs",
      "file": "@angular_material_list.js",
      "fileHash": "de280dc4",
      "needsInterop": false
    },
    "@angular/material/select": {
      "src": "../../../../../../node_modules/@angular/material/fesm2022/select.mjs",
      "file": "@angular_material_select.js",
      "fileHash": "56dcdb13",
      "needsInterop": false
    },
    "@angular/platform-browser": {
      "src": "../../../../../../node_modules/@angular/platform-browser/fesm2022/platform-browser.mjs",
      "file": "@angular_platform-browser.js",
      "fileHash": "d4bfd4cf",
      "needsInterop": false
    },
    "@angular/platform-browser/animations": {
      "src": "../../../../../../node_modules/@angular/platform-browser/fesm2022/animations.mjs",
      "file": "@angular_platform-browser_animations.js",
      "fileHash": "28cd7ab3",
      "needsInterop": false
    },
    "@angular/router": {
      "src": "../../../../../../node_modules/@angular/router/fesm2022/router.mjs",
      "file": "@angular_router.js",
      "fileHash": "7bbd7b3a",
      "needsInterop": false
    },
    "@ng-bootstrap/ng-bootstrap": {
      "src": "../../../../../../node_modules/@ng-bootstrap/ng-bootstrap/fesm2022/ng-bootstrap.mjs",
      "file": "@ng-bootstrap_ng-bootstrap.js",
      "fileHash": "c10e6b05",
      "needsInterop": false
    }
  },
  "chunks": {
    "chunk-DOQSXEGD": {
      "file": "chunk-DOQSXEGD.js"
    },
    "chunk-WSZWMXUN": {
      "file": "chunk-WSZWMXUN.js"
    },
    "chunk-ZOPONICJ": {
      "file": "chunk-ZOPONICJ.js"
    },
    "chunk-K7Y6QBVH": {
      "file": "chunk-K7Y6QBVH.js"
    },
    "chunk-AVAAZCVT": {
      "file": "chunk-AVAAZCVT.js"
    },
    "chunk-2YM47RUY": {
      "file": "chunk-2YM47RUY.js"
    },
    "chunk-IF4SXISY": {
      "file": "chunk-IF4SXISY.js"
    },
    "chunk-SO6U4FUB": {
      "file": "chunk-SO6U4FUB.js"
    },
    "chunk-Q3SSGWIT": {
      "file": "chunk-Q3SSGWIT.js"
    },
    "chunk-OIBNGD5S": {
      "file": "chunk-OIBNGD5S.js"
    },
    "chunk-QPXLP3BT": {
      "file": "chunk-QPXLP3BT.js"
    },
    "chunk-3WNP4GLJ": {
      "file": "chunk-3WNP4GLJ.js"
    },
    "chunk-Q63WTN3W": {
      "file": "chunk-Q63WTN3W.js"
    },
    "chunk-HDALFTEH": {
      "file": "chunk-HDALFTEH.js"
    },
    "chunk-44GOQ5I2": {
      "file": "chunk-44GOQ5I2.js"
    },
    "chunk-2AKJXZFF": {
      "file": "chunk-2AKJXZFF.js"
    },
    "chunk-OACYTXCC": {
      "file": "chunk-OACYTXCC.js"
    },
    "chunk-TCIFSWIX": {
      "file": "chunk-TCIFSWIX.js"
    },
    "chunk-3NH4D53V": {
      "file": "chunk-3NH4D53V.js"
    },
    "chunk-WD5WGHIU": {
      "file": "chunk-WD5WGHIU.js"
    },
    "chunk-L5TG2P5Y": {
      "file": "chunk-L5TG2P5Y.js"
    },
    "chunk-OMWEK7Z6": {
      "file": "chunk-OMWEK7Z6.js"
    },
    "chunk-PDR3P4JY": {
      "file": "chunk-PDR3P4JY.js"
    },
    "chunk-D3T4KNBB": {
      "file": "chunk-D3T4KNBB.js"
    },
    "chunk-YJRNYDXR": {
      "file": "chunk-YJRNYDXR.js"
    },
    "chunk-42FJBLFI": {
      "file": "chunk-42FJBLFI.js"
    },
    "chunk-2O4WY5GE": {
      "file": "chunk-2O4WY5GE.js"
    },
    "chunk-JXBCBRYI": {
      "file": "chunk-JXBCBRYI.js"
    },
    "chunk-HQPZL5RQ": {
      "file": "chunk-HQPZL5RQ.js"
    },
    "chunk-ITN3MZOV": {
      "file": "chunk-ITN3MZOV.js"
    },
    "chunk-BKT6D2HE": {
      "file": "chunk-BKT6D2HE.js"
    },
    "chunk-BHNWYPV7": {
      "file": "chunk-BHNWYPV7.js"
    },
    "chunk-WW4QWPVU": {
      "file": "chunk-WW4QWPVU.js"
    },
    "chunk-23KEF57A": {
      "file": "chunk-23KEF57A.js"
    },
    "chunk-Z2MIX22O": {
      "file": "chunk-Z2MIX22O.js"
    }
  }
}